POC,Nwk_Code,Generation_Type,Trader,Unit_Measure,Flow_Direction,Status,Trading_Date,TP1,TP2,TP3,TP4,TP5,TP6,TP7,TP8,TP9,TP10,TP11,TP12,TP13,TP14,TP15,TP16,TP17,TP18,TP19,TP20,TP21,TP22,TP23,TP24,TP25,TP26,TP27,TP28,TP29,TP30,TP31,TP32,TP33,TP34,TP35,TP36,TP37,TP38,TP39,TP40,TP41,TP42,TP43,TP44,TP45,TP46,TP47,TP48,TP49,TP50
BEN2201,TPNZ,DC,TPNZ,kWh,I,F,2024-04-01,51475.0000,55258.0000,49978.0000,53308.0000,49963.0000,51138.0000,57622.0000,58363.0000,56734.0000,55668.0000,51805.0000,49448.0000,33736.0000,23048.0000,2015.0000,0.0000,0.0000,0.0000,0.0000,0.0000,0.0000,0.0000,0.0000,0.0000,0.0000,0.0000,0.0000,0.0000,0.0000,0.0000,0.0000,0.0000,0.0000,0.0000,0.0000,0.0000,0.0000,0.0000,0.0000,0.0000,0.0000,0.0000,0.0000,0.0000,20734.0000,43577.0000,62205.0000,80023.0000,,
BEN2201,TPNZ,DC,TPNZ,kWh,I,F,2024-04-02,79376.0000,100076.0000,96081.0000,105968.0000,103789.0000,98104.0000,98509.0000,95549.0000,81730.0000,62164.0000,45771.0000,19428.0000,216.0000,0.0000,0.0000,0.0000,0.0000,0.0000,0.0000,0.0000,0.0000,0.0000,0.0000,0.0000,0.0000,0.0000,0.0000,0.0000,0.0000,0.0000,0.0000,0.0000,0.0000,0.0000,0.0000,0.0000,0.0000,0.0000,0.0000,0.0000,0.0000,0.0000,0.0000,0.0000,0.0000,0.0000,0.0000,14011.0000,,
BEN2201,TPNZ,DC,TPNZ,kWh,I,F,2024-04-03,18702.0000,27219.0000,57213.0000,63574.0000,32251.0000,32167.0000,46512.0000,55497.0000,59573.0000,53404.0000,30774.0000,13311.0000,0.0000,0.0000,0.0000,0.0000,0.0000,0.0000,0.0000,0.0000,0.0000,0.0000,0.0000,0.0000,0.0000,0.0000,0.0000,0.0000,0.0000,0.0000,0.0000,0.0000,0.0000,0.0000,0.0000,0.0000,0.0000,0.0000,0.0000,0.0000,0.0000,7565.0000,25282.0000,33306.0000,111557.0000,109233.0000,198615.0000,215515.0000,,
BEN2201,TPNZ,DC,TPNZ,kWh,I,F,2024-04-04,182550.0000,188871.0000,210378.0000,207090.0000,206839.0000,196126.0000,183496.0000,200337.0000,196079.0000,181879.0000,151547.0000,119660.0000,66085.0000,46600.0000,9630.0000,0.0000,0.0000,0.0000,0.0000,0.0000,0.0000,0.0000,319.0000,10064.0000,0.0000,417.0000,0.0000,0.0000,0.0000,0.0000,0.0000,3902.0000,4584.0000,0.0000,0.0000,0.0000,0.0000,0.0000,0.0000,0.0000,0.0000,0.0000,0.0000,2086.0000,49431.0000,96453.0000,152639.0000,178385.0000,,
BEN2201,TPNZ,DC,TPNZ,kWh,I,F,2024-04-05,220153.0000,227628.0000,213999.0000,195845.0000,190878.0000,184815.0000,179154.0000,175483.0000,159582.0000,133940.0000,92393.0000,35259.0000,8945.0000,0.0000,0.0000,0.0000,0.0000,0.0000,0.0000,0.0000,0.0000,0.0000,0.0000,0.0000,0.0000,0.0000,0.0000,0.0000,0.0000,0.0000,0.0000,0.0000,0.0000,0.0000,0.0000,0.0000,0.0000,0.0000,0.0000,0.0000,0.0000,1224.0000,4614.0000,5681.0000,30876.0000,40595.0000,65954.0000,88153.0000,,
BEN2201,TPNZ,DC,TPNZ,kWh,I,F,2024-04-06,111716.0000,94697.0000,89969.0000,59538.0000,77669.0000,81519.0000,93159.0000,93761.0000,90818.0000,84692.0000,70321.0000,53247.0000,29491.0000,30284.0000,18346.0000,23074.0000,1952.0000,0.0000,0.0000,0.0000,0.0000,0.0000,0.0000,0.0000,0.0000,0.0000,13994.0000,15780.0000,17134.0000,17052.0000,13275.0000,17064.0000,12591.0000,746.0000,0.0000,0.0000,0.0000,0.0000,0.0000,0.0000,14612.0000,19464.0000,22763.0000,31084.0000,62985.0000,97338.0000,134117.0000,130426.0000,,
BEN2201,TPNZ,DC,TPNZ,kWh,I,F,2024-04-07,151735.0000,159923.0000,165296.0000,160178.0000,162964.0000,160944.0000,164299.0000,162547.0000,167298.0000,168401.0000,158786.0000,131608.0000,130585.0000,122638.0000,94477.0000,99239.0000,60222.0000,34002.0000,13352.0000,593.0000,0.0000,0.0000,0.0000,0.0000,0.0000,0.0000,0.0000,3867.0000,19258.0000,19792.0000,23518.0000,23282.0000,21764.0000,18118.0000,1237.0000,0.0000,0.0000,0.0000,0.0000,0.0000,0.0000,0.0000,0.0000,0.0000,16284.0000,24578.0000,40602.0000,92872.0000,103347.0000,108539.0000
BEN2201,TPNZ,DC,TPNZ,kWh,I,F,2024-04-08,114382.0000,120013.0000,122593.0000,104593.0000,102274.0000,100933.0000,107123.0000,108429.0000,107405.0000,71682.0000,78671.0000,53789.0000,3535.0000,0.0000,0.0000,0.0000,0.0000,0.0000,0.0000,0.0000,0.0000,0.0000,0.0000,0.0000,0.0000,0.0000,0.0000,0.0000,0.0000,0.0000,0.0000,0.0000,0.0000,0.0000,0.0000,0.0000,0.0000,0.0000,0.0000,0.0000,0.0000,0.0000,0.0000,0.0000,1454.0000,12677.0000,28573.0000,66648.0000,,
BEN2201,TPNZ,DC,TPNZ,kWh,I,F,2024-04-09,90837.0000,105353.0000,106084.0000,114019.0000,106561.0000,115148.0000,126363.0000,132105.0000,139569.0000,99135.0000,81680.0000,41020.0000,17516.0000,16238.0000,0.0000,0.0000,0.0000,0.0000,0.0000,0.0000,0.0000,0.0000,0.0000,0.0000,0.0000,0.0000,0.0000,0.0000,0.0000,0.0000,0.0000,0.0000,0.0000,0.0000,0.0000,0.0000,0.0000,0.0000,0.0000,0.0000,0.0000,0.0000,0.0000,16460.0000,47644.0000,79428.0000,111712.0000,128336.0000,,
BEN2201,TPNZ,DC,TPNZ,kWh,I,F,2024-04-10,107012.0000,139051.0000,157941.0000,159232.0000,173375.0000,173169.0000,172530.0000,161802.0000,163375.0000,145650.0000,107885.0000,37517.0000,30385.0000,26429.0000,1076.0000,0.0000,0.0000,0.0000,0.0000,0.0000,0.0000,0.0000,0.0000,0.0000,0.0000,0.0000,0.0000,0.0000,0.0000,0.0000,0.0000,0.0000,0.0000,0.0000,0.0000,0.0000,0.0000,0.0000,0.0000,0.0000,0.0000,0.0000,0.0000,0.0000,14448.0000,28852.0000,31687.0000,19873.0000,,
BEN2201,TPNZ,DC,TPNZ,kWh,I,F,2024-04-11,4918.0000,0.0000,0.0000,0.0000,0.0000,0.0000,0.0000,0.0000,0.0000,0.0000,0.0000,0.0000,0.0000,0.0000,0.0000,0.0000,0.0000,0.0000,0.0000,0.0000,0.0000,0.0000,0.0000,0.0000,0.0000,0.0000,0.0000,0.0000,0.0000,0.0000,0.0000,0.0000,0.0000,0.0000,0.0000,0.0000,0.0000,0.0000,0.0000,0.0000,0.0000,0.0000,0.0000,0.0000,0.0000,0.0000,0.0000,0.0000,,
BEN2201,TPNZ,DC,TPNZ,kWh,I,F,2024-04-12,0.0000,0.0000,0.0000,0.0000,0.0000,0.0000,0.0000,0.0000,0.0000,0.0000,0.0000,0.0000,0.0000,0.0000,0.0000,0.0000,0.0000,0.0000,0.0000,0.0000,0.0000,0.0000,0.0000,0.0000,0.0000,0.0000,0.0000,0.0000,0.0000,0.0000,0.0000,0.0000,0.0000,0.0000,0.0000,0.0000,0.0000,0.0000,0.0000,0.0000,0.0000,0.0000,0.0000,0.0000,0.0000,0.0000,0.0000,0.0000,,
BEN2201,TPNZ,DC,TPNZ,kWh,I,F,2024-04-13,0.0000,0.0000,0.0000,0.0000,0.0000,0.0000,0.0000,0.0000,0.0000,0.0000,0.0000,0.0000,0.0000,0.0000,0.0000,0.0000,0.0000,0.0000,0.0000,0.0000,0.0000,0.0000,0.0000,0.0000,0.0000,0.0000,0.0000,0.0000,0.0000,0.0000,0.0000,0.0000,0.0000,0.0000,0.0000,0.0000,0.0000,0.0000,0.0000,0.0000,0.0000,0.0000,0.0000,0.0000,0.0000,0.0000,0.0000,0.0000,,
BEN2201,TPNZ,DC,TPNZ,kWh,I,F,2024-04-14,0.0000,0.0000,0.0000,0.0000,0.0000,0.0000,0.0000,0.0000,0.0000,0.0000,0.0000,0.0000,0.0000,0.0000,0.0000,0.0000,0.0000,0.0000,0.0000,0.0000,0.0000,0.0000,0.0000,0.0000,0.0000,0.0000,0.0000,0.0000,0.0000,0.0000,0.0000,0.0000,0.0000,0.0000,0.0000,0.0000,0.0000,0.0000,0.0000,0.0000,0.0000,0.0000,0.0000,0.0000,0.0000,0.0000,0.0000,0.0000,,
BEN2201,TPNZ,DC,TPNZ,kWh,I,F,2024-04-15,0.0000,0.0000,0.0000,0.0000,0.0000,0.0000,0.0000,0.0000,0.0000,0.0000,0.0000,0.0000,0.0000,0.0000,0.0000,0.0000,0.0000,0.0000,0.0000,0.0000,0.0000,0.0000,0.0000,0.0000,0.0000,0.0000,0.0000,0.0000,0.0000,0.0000,0.0000,0.0000,0.0000,0.0000,0.0000,0.0000,0.0000,0.0000,0.0000,0.0000,0.0000,0.0000,0.0000,0.0000,0.0000,0.0000,0.0000,0.0000,,
BEN2201,TPNZ,DC,TPNZ,kWh,I,F,2024-04-16,0.0000,0.0000,0.0000,0.0000,0.0000,0.0000,0.0000,0.0000,0.0000,0.0000,0.0000,0.0000,0.0000,0.0000,0.0000,0.0000,0.0000,0.0000,0.0000,0.0000,0.0000,0.0000,0.0000,0.0000,0.0000,0.0000,0.0000,0.0000,0.0000,0.0000,0.0000,0.0000,0.0000,0.0000,0.0000,0.0000,0.0000,0.0000,0.0000,0.0000,0.0000,0.0000,0.0000,0.0000,0.0000,0.0000,0.0000,0.0000,,
BEN2201,TPNZ,DC,TPNZ,kWh,I,F,2024-04-17,0.0000,0.0000,0.0000,0.0000,0.0000,0.0000,0.0000,0.0000,0.0000,0.0000,0.0000,0.0000,0.0000,0.0000,0.0000,0.0000,0.0000,0.0000,0.0000,0.0000,0.0000,0.0000,0.0000,0.0000,0.0000,0.0000,0.0000,0.0000,0.0000,0.0000,0.0000,0.0000,0.0000,0.0000,0.0000,0.0000,0.0000,0.0000,0.0000,0.0000,0.0000,0.0000,0.0000,0.0000,0.0000,0.0000,0.0000,0.0000,,
BEN2201,TPNZ,DC,TPNZ,kWh,I,F,2024-04-18,0.0000,0.0000,0.0000,0.0000,0.0000,0.0000,0.0000,0.0000,0.0000,0.0000,0.0000,0.0000,0.0000,0.0000,0.0000,0.0000,0.0000,0.0000,0.0000,0.0000,0.0000,0.0000,0.0000,0.0000,0.0000,0.0000,0.0000,0.0000,0.0000,0.0000,0.0000,0.0000,0.0000,0.0000,0.0000,0.0000,0.0000,0.0000,0.0000,0.0000,0.0000,0.0000,0.0000,0.0000,0.0000,0.0000,0.0000,0.0000,,
BEN2201,TPNZ,DC,TPNZ,kWh,I,F,2024-04-19,0.0000,0.0000,0.0000,0.0000,0.0000,0.0000,0.0000,0.0000,0.0000,0.0000,0.0000,0.0000,0.0000,0.0000,0.0000,0.0000,0.0000,0.0000,0.0000,0.0000,0.0000,0.0000,0.0000,0.0000,0.0000,0.0000,0.0000,0.0000,0.0000,0.0000,0.0000,0.0000,0.0000,0.0000,0.0000,0.0000,0.0000,0.0000,0.0000,0.0000,0.0000,0.0000,0.0000,0.0000,0.0000,0.0000,0.0000,0.0000,,
BEN2201,TPNZ,DC,TPNZ,kWh,I,F,2024-04-20,0.0000,0.0000,0.0000,0.0000,0.0000,0.0000,0.0000,0.0000,0.0000,0.0000,0.0000,0.0000,0.0000,0.0000,0.0000,0.0000,0.0000,0.0000,0.0000,0.0000,0.0000,0.0000,0.0000,0.0000,0.0000,0.0000,0.0000,0.0000,0.0000,0.0000,0.0000,0.0000,0.0000,0.0000,0.0000,0.0000,0.0000,0.0000,0.0000,0.0000,0.0000,0.0000,0.0000,0.0000,0.0000,0.0000,0.0000,0.0000,,
BEN2201,TPNZ,DC,TPNZ,kWh,I,F,2024-04-21,0.0000,0.0000,0.0000,14961.0000,17043.0000,17033.0000,14423.0000,5935.0000,16486.0000,17048.0000,17244.0000,17253.0000,765.0000,0.0000,0.0000,0.0000,0.0000,0.0000,0.0000,0.0000,0.0000,0.0000,0.0000,0.0000,0.0000,0.0000,0.0000,0.0000,0.0000,0.0000,0.0000,0.0000,0.0000,0.0000,0.0000,0.0000,0.0000,0.0000,0.0000,0.0000,0.0000,0.0000,0.0000,0.0000,0.0000,0.0000,0.0000,0.0000,,
BEN2201,TPNZ,DC,TPNZ,kWh,I,F,2024-04-22,1427.0000,24350.0000,31881.0000,46980.0000,32915.0000,40907.0000,42477.0000,28609.0000,27916.0000,8142.0000,0.0000,0.0000,0.0000,0.0000,0.0000,0.0000,0.0000,0.0000,0.0000,0.0000,0.0000,0.0000,0.0000,0.0000,0.0000,0.0000,0.0000,0.0000,0.0000,0.0000,0.0000,0.0000,0.0000,0.0000,0.0000,0.0000,0.0000,0.0000,0.0000,0.0000,0.0000,0.0000,0.0000,0.0000,0.0000,0.0000,0.0000,0.0000,,
BEN2201,TPNZ,DC,TPNZ,kWh,I,F,2024-04-23,0.0000,8214.0000,5955.0000,436.0000,17049.0000,16911.0000,9579.0000,2627.0000,0.0000,0.0000,0.0000,0.0000,0.0000,0.0000,0.0000,0.0000,0.0000,0.0000,0.0000,0.0000,0.0000,0.0000,0.0000,0.0000,0.0000,0.0000,0.0000,0.0000,0.0000,0.0000,0.0000,0.0000,0.0000,0.0000,0.0000,0.0000,0.0000,0.0000,0.0000,0.0000,0.0000,0.0000,0.0000,0.0000,0.0000,0.0000,268.0000,25276.0000,,
BEN2201,TPNZ,DC,TPNZ,kWh,I,F,2024-04-24,43675.0000,91410.0000,93646.0000,117302.0000,118391.0000,112067.0000,114476.0000,118312.0000,124421.0000,112306.0000,64266.0000,31958.0000,5524.0000,0.0000,0.0000,0.0000,0.0000,0.0000,0.0000,0.0000,0.0000,0.0000,0.0000,0.0000,0.0000,0.0000,0.0000,0.0000,0.0000,0.0000,0.0000,0.0000,0.0000,0.0000,0.0000,0.0000,0.0000,0.0000,0.0000,0.0000,0.0000,0.0000,0.0000,0.0000,0.0000,8099.0000,26335.0000,27667.0000,,
BEN2201,TPNZ,DC,TPNZ,kWh,I,F,2024-04-25,31244.0000,50235.0000,37094.0000,80409.0000,116916.0000,111969.0000,106242.0000,105396.0000,101955.0000,101054.0000,98579.0000,47228.0000,48950.0000,31740.0000,16995.0000,597.0000,0.0000,0.0000,0.0000,0.0000,0.0000,0.0000,0.0000,0.0000,0.0000,0.0000,0.0000,0.0000,0.0000,0.0000,0.0000,0.0000,0.0000,0.0000,0.0000,0.0000,0.0000,0.0000,0.0000,0.0000,0.0000,0.0000,0.0000,0.0000,7681.0000,62389.0000,62941.0000,108781.0000,,
BEN2201,TPNZ,DC,TPNZ,kWh,I,F,2024-04-26,119872.0000,117805.0000,106460.0000,123440.0000,122450.0000,153731.0000,151254.0000,149292.0000,153222.0000,121486.0000,94808.0000,75145.0000,38424.0000,14057.0000,897.0000,0.0000,0.0000,0.0000,0.0000,0.0000,0.0000,0.0000,0.0000,0.0000,0.0000,0.0000,0.0000,0.0000,0.0000,0.0000,0.0000,0.0000,0.0000,0.0000,0.0000,0.0000,0.0000,0.0000,0.0000,0.0000,0.0000,0.0000,0.0000,0.0000,5365.0000,17267.0000,0.0000,3148.0000,,
BEN2201,TPNZ,DC,TPNZ,kWh,I,F,2024-04-27,25415.0000,29613.0000,29295.0000,41891.0000,48521.0000,45485.0000,49937.0000,53512.0000,39458.0000,28005.0000,8788.0000,0.0000,0.0000,0.0000,0.0000,0.0000,0.0000,0.0000,0.0000,0.0000,0.0000,0.0000,0.0000,0.0000,0.0000,0.0000,0.0000,0.0000,0.0000,0.0000,0.0000,0.0000,0.0000,0.0000,0.0000,0.0000,0.0000,0.0000,0.0000,0.0000,0.0000,0.0000,0.0000,0.0000,0.0000,0.0000,0.0000,0.0000,,
BEN2201,TPNZ,DC,TPNZ,kWh,I,F,2024-04-28,0.0000,0.0000,0.0000,9700.0000,17089.0000,17096.0000,21192.0000,25003.0000,27543.0000,23210.0000,15514.0000,0.0000,0.0000,0.0000,0.0000,0.0000,0.0000,0.0000,0.0000,0.0000,0.0000,0.0000,0.0000,0.0000,0.0000,0.0000,0.0000,0.0000,0.0000,0.0000,0.0000,0.0000,0.0000,0.0000,0.0000,0.0000,0.0000,0.0000,0.0000,0.0000,0.0000,0.0000,0.0000,0.0000,0.0000,0.0000,5512.0000,20393.0000,,
BEN2201,TPNZ,DC,TPNZ,kWh,I,F,2024-04-29,31829.0000,33067.0000,36924.0000,40902.0000,40094.0000,40251.0000,39396.0000,53325.0000,48210.0000,33276.0000,28236.0000,3000.0000,0.0000,0.0000,0.0000,0.0000,0.0000,0.0000,0.0000,0.0000,0.0000,0.0000,0.0000,0.0000,0.0000,0.0000,0.0000,0.0000,0.0000,0.0000,0.0000,0.0000,0.0000,0.0000,0.0000,0.0000,0.0000,0.0000,0.0000,0.0000,0.0000,0.0000,0.0000,0.0000,0.0000,0.0000,0.0000,7102.0000,,
BEN2201,TPNZ,DC,TPNZ,kWh,I,F,2024-04-30,27454.0000,32005.0000,40455.0000,49064.0000,56957.0000,59542.0000,49605.0000,43803.0000,49105.0000,47901.0000,22568.0000,1925.0000,0.0000,0.0000,0.0000,0.0000,0.0000,0.0000,0.0000,0.0000,0.0000,0.0000,0.0000,0.0000,0.0000,0.0000,0.0000,0.0000,0.0000,0.0000,0.0000,0.0000,0.0000,0.0000,0.0000,0.0000,0.0000,0.0000,0.0000,0.0000,0.0000,0.0000,0.0000,0.0000,9896.0000,31413.0000,84171.0000,109872.0000,,
BEN2201,TPNZ,DC,TPNZ,kWh,X,F,2024-04-01,0.0000,0.0000,0.0000,0.0000,0.0000,0.0000,0.0000,0.0000,0.0000,0.0000,0.0000,0.0000,0.0000,144.0000,38388.0000,72262.0000,96632.0000,122967.0000,140359.0000,147824.0000,142520.0000,138487.0000,130736.0000,126323.0000,113100.0000,119643.0000,114552.0000,115427.0000,131051.0000,131891.0000,127127.0000,138585.0000,126178.0000,147451.0000,147178.0000,165933.0000,144009.0000,132132.0000,132331.0000,129821.0000,115639.0000,113072.0000,124299.0000,95374.0000,25062.0000,4101.0000,163.0000,163.0000,,
BEN2201,TPNZ,DC,TPNZ,kWh,X,F,2024-04-02,163.0000,108.0000,154.0000,1.0000,0.0000,140.0000,165.0000,165.0000,165.0000,165.0000,2067.0000,23200.0000,68143.0000,98155.0000,162114.0000,187238.0000,218866.0000,224700.0000,223457.0000,204743.0000,225838.0000,217543.0000,228228.0000,208019.0000,206339.0000,210230.0000,203706.0000,200448.0000,203288.0000,197928.0000,212913.0000,210719.0000,218469.0000,225654.0000,262433.0000,261601.0000,252698.0000,257659.0000,248098.0000,240979.0000,210488.0000,215467.0000,200743.0000,168773.0000,109302.0000,82201.0000,63600.0000,27636.0000,,
BEN2201,TPNZ,DC,TPNZ,kWh,X,F,2024-04-03,20889.0000,17899.0000,979.0000,187.0000,188.0000,189.0000,188.0000,188.0000,187.0000,187.0000,9578.0000,33271.0000,117797.0000,161482.0000,217762.0000,238928.0000,234519.0000,212416.0000,183727.0000,159421.0000,144866.0000,145032.0000,141610.0000,117836.0000,113428.0000,117390.0000,84777.0000,76641.0000,70206.0000,63061.0000,73766.0000,85872.0000,84239.0000,119128.0000,151207.0000,156773.0000,106669.0000,85924.0000,96809.0000,73457.0000,45055.0000,37275.0000,20844.0000,12346.0000,46.0000,0.0000,0.0000,0.0000,,
BEN2201,TPNZ,DC,TPNZ,kWh,X,F,2024-04-04,0.0000,0.0000,0.0000,0.0000,0.0000,0.0000,0.0000,0.0000,0.0000,0.0000,0.0000,0.0000,1405.0000,5298.0000,38788.0000,66277.0000,83517.0000,71545.0000,90856.0000,66902.0000,46369.0000,37270.0000,43381.0000,32544.0000,55139.0000,39613.0000,49479.0000,39737.0000,54026.0000,51075.0000,41187.0000,31851.0000,41795.0000,83912.0000,97875.0000,129995.0000,118381.0000,135337.0000,177788.0000,182766.0000,192116.0000,144224.0000,107919.0000,56648.0000,2667.0000,157.0000,0.0000,0.0000,,
BEN2201,TPNZ,DC,TPNZ,kWh,X,F,2024-04-05,0.0000,0.0000,0.0000,0.0000,0.0000,0.0000,0.0000,0.0000,0.0000,0.0000,89.0000,10123.0000,40153.0000,93398.0000,195508.0000,214124.0000,205638.0000,198894.0000,152374.0000,120029.0000,94704.0000,95266.0000,96290.0000,101001.0000,67604.0000,61923.0000,57745.0000,41537.0000,39292.0000,45328.0000,45832.0000,54952.0000,85672.0000,101065.0000,97964.0000,86550.0000,50443.0000,40962.0000,43966.0000,57300.0000,61945.0000,46657.0000,37020.0000,32781.0000,8651.0000,159.0000,162.0000,161.0000,,
BEN2201,TPNZ,DC,TPNZ,kWh,X,F,2024-04-06,7.0000,158.0000,166.0000,168.0000,167.0000,167.0000,167.0000,167.0000,167.0000,167.0000,167.0000,154.0000,1944.0000,14843.0000,23133.0000,18578.0000,44209.0000,52753.0000,73738.0000,75283.0000,67744.0000,67443.0000,72427.0000,70965.0000,51750.0000,48920.0000,33604.0000,31211.0000,29981.0000,34505.0000,34443.0000,31296.0000,33826.0000,43341.0000,53188.0000,60156.0000,45746.0000,29444.0000,40269.0000,37331.0000,26307.0000,19289.0000,18136.0000,17914.0000,1094.0000,162.0000,10.0000,0.0000,,
BEN2201,TPNZ,DC,TPNZ,kWh,X,F,2024-04-07,0.0000,0.0000,0.0000,0.0000,0.0000,0.0000,0.0000,0.0000,0.0000,0.0000,0.0000,0.0000,0.0000,0.0000,154.0000,52.0000,167.0000,8080.0000,27341.0000,37526.0000,45492.0000,41158.0000,37584.0000,34990.0000,41513.0000,46818.0000,42703.0000,29055.0000,19934.0000,18071.0000,18023.0000,17917.0000,18078.0000,22710.0000,52386.0000,87625.0000,101300.0000,115869.0000,122506.0000,112735.0000,87240.0000,81029.0000,64792.0000,40525.0000,23411.0000,18598.0000,821.0000,163.0000,79.0000,0.0000
BEN2201,TPNZ,DC,TPNZ,kWh,X,F,2024-04-08,0.0000,0.0000,0.0000,0.0000,0.0000,79.0000,7.0000,0.0000,0.0000,164.0000,166.0000,166.0000,72200.0000,141223.0000,241889.0000,250248.0000,232496.0000,240017.0000,237603.0000,184524.0000,156578.0000,174568.0000,171998.0000,158154.0000,174539.0000,187795.0000,180933.0000,187861.0000,188786.0000,193965.0000,202553.0000,216217.0000,226884.0000,232434.0000,267695.0000,291831.0000,281528.0000,288669.0000,245690.0000,210516.0000,201502.0000,186620.0000,163405.0000,107162.0000,41201.0000,32709.0000,19196.0000,845.0000,,
BEN2201,TPNZ,DC,TPNZ,kWh,X,F,2024-04-09,185.0000,186.0000,187.0000,187.0000,188.0000,188.0000,186.0000,189.0000,188.0000,185.0000,186.0000,904.0000,22787.0000,24337.0000,94511.0000,116935.0000,143877.0000,175260.0000,160529.0000,148294.0000,68028.0000,65461.0000,63479.0000,69356.0000,67937.0000,73132.0000,55627.0000,72391.0000,57526.0000,65318.0000,86924.0000,84965.0000,85510.0000,87614.0000,87015.0000,134896.0000,156441.0000,139433.0000,147770.0000,144887.0000,148471.0000,142891.0000,72853.0000,24221.0000,1785.0000,186.0000,185.0000,190.0000,,
BEN2201,TPNZ,DC,TPNZ,kWh,X,F,2024-04-10,188.0000,189.0000,189.0000,190.0000,30.0000,0.0000,0.0000,182.0000,183.0000,184.0000,186.0000,5214.0000,10009.0000,13134.0000,96311.0000,119653.0000,105224.0000,91118.0000,117107.0000,76686.0000,70597.0000,63334.0000,62984.0000,51737.0000,54543.0000,59984.0000,61608.0000,87576.0000,107290.0000,137042.0000,157027.0000,191184.0000,206385.0000,189656.0000,188250.0000,173784.0000,198407.0000,198534.0000,179184.0000,166403.0000,112374.0000,115493.0000,96703.0000,75238.0000,33225.0000,17892.0000,17038.0000,21991.0000,,
BEN2201,TPNZ,DC,TPNZ,kWh,X,F,2024-04-11,43735.0000,102127.0000,119468.0000,88694.0000,57761.0000,49575.0000,48474.0000,48963.0000,52116.0000,46050.0000,44366.0000,61749.0000,126130.0000,150978.0000,226425.0000,230399.0000,221453.0000,218427.0000,232605.0000,202239.0000,178209.0000,180494.0000,183559.0000,186212.0000,253034.0000,257834.0000,298314.0000,232796.0000,219466.0000,182583.0000,161825.0000,153709.0000,149816.0000,203794.0000,212860.0000,247310.0000,257559.0000,275274.0000,260625.0000,232107.0000,195200.0000,135864.0000,160605.0000,129477.0000,81266.0000,61120.0000,56894.0000,62068.0000,,
BEN2201,TPNZ,DC,TPNZ,kWh,X,F,2024-04-12,87707.0000,92133.0000,115394.0000,120043.0000,95167.0000,133811.0000,145088.0000,140778.0000,138513.0000,132146.0000,121342.0000,114975.0000,75623.0000,77094.0000,161487.0000,241703.0000,267375.0000,271421.0000,241817.0000,249611.0000,249411.0000,297351.0000,353432.0000,345980.0000,287627.0000,261999.0000,253465.0000,252136.0000,245326.0000,230015.0000,205584.0000,197674.0000,174368.0000,179848.0000,189475.0000,213859.0000,252229.0000,220051.0000,165162.0000,163679.0000,170139.0000,178357.0000,205651.0000,201404.0000,135340.0000,113982.0000,114634.0000,112024.0000,,
BEN2201,TPNZ,DC,TPNZ,kWh,X,F,2024-04-13,93350.0000,114406.0000,130410.0000,112413.0000,116431.0000,112415.0000,102381.0000,99989.0000,126728.0000,107273.0000,100088.0000,88508.0000,100292.0000,114170.0000,126930.0000,120897.0000,112762.0000,146030.0000,139156.0000,142180.0000,139408.0000,133238.0000,102744.0000,102085.0000,100021.0000,90093.0000,97533.0000,107245.0000,116149.0000,108871.0000,141590.0000,140270.0000,136429.0000,123449.0000,135382.0000,122032.0000,141771.0000,131199.0000,103128.0000,99411.0000,127506.0000,124625.0000,137196.0000,133106.0000,77579.0000,73022.0000,65160.0000,73833.0000,,
BEN2201,TPNZ,DC,TPNZ,kWh,X,F,2024-04-14,95878.0000,117419.0000,125421.0000,106760.0000,112986.0000,134687.0000,129943.0000,120749.0000,110367.0000,99704.0000,86096.0000,119258.0000,118709.0000,136243.0000,168426.0000,159842.0000,172442.0000,157750.0000,196843.0000,207775.0000,212192.0000,212594.0000,211372.0000,211024.0000,228315.0000,222470.0000,227295.0000,226907.0000,219067.0000,225875.0000,212096.0000,208892.0000,219086.0000,220316.0000,229938.0000,247250.0000,262666.0000,273243.0000,245121.0000,245484.0000,232129.0000,217264.0000,220558.0000,202984.0000,165101.0000,134137.0000,112495.0000,107870.0000,,
BEN2201,TPNZ,DC,TPNZ,kWh,X,F,2024-04-15,134643.0000,151248.0000,161941.0000,173688.0000,150508.0000,157760.0000,156470.0000,166925.0000,157353.0000,168444.0000,142499.0000,167009.0000,188418.0000,208847.0000,288697.0000,319600.0000,334695.0000,350762.0000,349766.0000,335517.0000,343948.0000,351968.0000,393667.0000,386262.0000,347771.0000,326805.0000,304671.0000,308333.0000,298946.0000,294651.0000,298027.0000,297737.0000,306713.0000,313499.0000,318388.0000,317175.0000,333242.0000,340005.0000,301352.0000,278654.0000,252937.0000,252363.0000,221969.0000,213575.0000,180932.0000,183252.0000,125544.0000,131692.0000,,
BEN2201,TPNZ,DC,TPNZ,kWh,X,F,2024-04-16,144529.0000,131869.0000,136559.0000,153809.0000,156772.0000,137984.0000,104143.0000,78363.0000,106067.0000,140395.0000,152940.0000,179193.0000,201949.0000,235352.0000,285983.0000,296335.0000,297221.0000,306128.0000,319048.0000,303303.0000,282301.0000,309609.0000,317952.0000,297418.0000,312443.0000,306200.0000,309599.0000,306857.0000,303038.0000,300249.0000,288454.0000,275263.0000,247902.0000,250638.0000,246859.0000,236837.0000,221737.0000,232526.0000,223573.0000,215842.0000,204650.0000,198693.0000,210405.0000,215125.0000,152211.0000,133143.0000,114004.0000,111225.0000,,
BEN2201,TPNZ,DC,TPNZ,kWh,X,F,2024-04-17,100297.0000,83454.0000,78830.0000,77528.0000,68130.0000,51881.0000,52082.0000,53943.0000,71648.0000,106873.0000,155613.0000,159835.0000,214022.0000,230872.0000,274808.0000,282886.0000,284872.0000,284058.0000,284269.0000,288715.0000,245405.0000,265486.0000,287802.0000,291904.0000,301497.0000,299526.0000,299668.0000,306541.0000,320073.0000,305423.0000,311639.0000,315059.0000,310439.0000,325541.0000,314177.0000,321386.0000,338125.0000,322786.0000,311213.0000,295978.0000,288121.0000,279492.0000,249197.0000,246630.0000,187136.0000,177093.0000,156717.0000,124475.0000,,
BEN2201,TPNZ,DC,TPNZ,kWh,X,F,2024-04-18,126012.0000,111117.0000,80423.0000,71337.0000,67786.0000,55127.0000,48762.0000,52772.0000,71364.0000,72135.0000,97488.0000,136256.0000,178497.0000,153042.0000,196583.0000,202199.0000,217098.0000,233411.0000,245812.0000,256854.0000,258006.0000,256429.0000,277433.0000,279318.0000,282572.0000,288463.0000,271113.0000,281768.0000,273978.0000,276155.0000,271654.0000,287400.0000,276046.0000,285610.0000,287786.0000,266268.0000,242437.0000,248108.0000,257705.0000,251733.0000,237805.0000,200481.0000,173434.0000,140204.0000,109037.0000,99886.0000,73026.0000,42057.0000,,
BEN2201,TPNZ,DC,TPNZ,kWh,X,F,2024-04-19,62660.0000,53577.0000,61553.0000,55227.0000,34851.0000,36924.0000,38380.0000,42815.0000,49098.0000,40271.0000,61640.0000,48210.0000,98287.0000,122700.0000,187819.0000,205046.0000,235560.0000,241219.0000,249760.0000,248051.0000,235263.0000,233112.0000,245063.0000,228953.0000,227820.0000,212205.0000,193689.0000,195321.0000,177247.0000,177506.0000,174715.0000,186690.0000,191204.0000,201025.0000,232219.0000,280714.0000,310897.0000,287109.0000,226052.0000,210618.0000,193468.0000,175324.0000,183540.0000,191976.0000,152838.0000,139849.0000,142446.0000,120346.0000,,
BEN2201,TPNZ,DC,TPNZ,kWh,X,F,2024-04-20,95311.0000,85904.0000,78338.0000,57919.0000,58584.0000,60636.0000,63416.0000,72994.0000,76808.0000,76315.0000,77775.0000,80773.0000,165823.0000,182051.0000,186998.0000,190166.0000,185893.0000,183665.0000,190257.0000,178652.0000,188613.0000,185254.0000,188531.0000,191531.0000,200366.0000,188128.0000,188866.0000,225430.0000,243810.0000,239872.0000,242909.0000,248002.0000,275353.0000,254157.0000,253898.0000,274647.0000,230677.0000,217494.0000,207495.0000,208981.0000,223658.0000,188290.0000,171818.0000,175748.0000,134562.0000,110516.0000,72053.0000,51521.0000,,
BEN2201,TPNZ,DC,TPNZ,kWh,X,F,2024-04-21,30856.0000,38901.0000,44779.0000,25384.0000,25370.0000,32187.0000,35894.0000,31917.0000,36346.0000,32171.0000,21950.0000,23130.0000,46867.0000,42035.0000,69888.0000,87535.0000,102253.0000,137247.0000,165042.0000,188538.0000,215581.0000,220630.0000,179943.0000,175131.0000,186030.0000,173757.0000,165469.0000,152255.0000,124585.0000,140112.0000,151055.0000,148922.0000,147061.0000,137674.0000,167882.0000,190608.0000,224149.0000,205045.0000,204357.0000,202882.0000,206247.0000,209035.0000,213901.0000,204306.0000,139839.0000,118957.0000,93047.0000,58807.0000,,
BEN2201,TPNZ,DC,TPNZ,kWh,X,F,2024-04-22,35783.0000,18944.0000,7854.0000,166.0000,166.0000,165.0000,165.0000,14130.0000,18302.0000,30952.0000,54879.0000,76847.0000,141128.0000,224694.0000,296792.0000,336234.0000,341611.0000,339936.0000,342278.0000,325642.0000,328062.0000,327995.0000,333462.0000,313293.0000,299416.0000,286481.0000,256678.0000,277404.0000,298150.0000,270302.0000,263923.0000,269828.0000,242336.0000,203368.0000,164855.0000,199263.0000,160778.0000,160594.0000,152732.0000,135068.0000,143084.0000,160523.0000,176988.0000,149020.0000,74246.0000,86726.0000,75863.0000,52354.0000,,
BEN2201,TPNZ,DC,TPNZ,kWh,X,F,2024-04-23,33388.0000,32412.0000,33451.0000,32486.0000,35260.0000,36118.0000,33927.0000,32244.0000,45041.0000,59347.0000,105706.0000,149473.0000,197615.0000,249426.0000,335676.0000,380488.0000,360594.0000,359531.0000,343742.0000,330114.0000,334771.0000,340796.0000,350926.0000,335327.0000,344894.0000,328248.0000,317026.0000,290058.0000,274827.0000,273206.0000,263278.0000,252480.0000,258678.0000,259662.0000,257545.0000,284370.0000,295644.0000,269190.0000,255880.0000,223650.0000,228975.0000,214176.0000,196665.0000,182681.0000,94686.0000,53906.0000,38614.0000,18839.0000,,
BEN2201,TPNZ,DC,TPNZ,kWh,X,F,2024-04-24,2383.0000,187.0000,188.0000,187.0000,187.0000,188.0000,188.0000,187.0000,187.0000,187.0000,190.0000,7623.0000,57463.0000,108899.0000,197059.0000,206194.0000,177996.0000,212575.0000,218559.0000,239717.0000,207791.0000,209486.0000,210153.0000,217507.0000,220918.0000,220739.0000,218134.0000,216349.0000,220044.0000,222881.0000,229857.0000,238358.0000,233659.0000,210632.0000,226674.0000,244899.0000,262240.0000,254731.0000,229388.0000,206902.0000,158673.0000,140467.0000,126566.0000,124655.0000,63773.0000,33827.0000,18375.0000,17214.0000,,
BEN2201,TPNZ,DC,TPNZ,kWh,X,F,2024-04-25,9645.0000,185.0000,186.0000,185.0000,184.0000,184.0000,185.0000,185.0000,185.0000,185.0000,185.0000,186.0000,185.0000,3264.0000,30464.0000,45636.0000,60654.0000,98953.0000,110771.0000,119040.0000,124565.0000,114345.0000,116456.0000,122333.0000,117178.0000,113986.0000,124162.0000,102726.0000,96659.0000,119185.0000,133716.0000,129614.0000,131490.0000,141964.0000,147795.0000,153338.0000,141973.0000,137840.0000,132613.0000,144949.0000,142598.0000,126966.0000,116876.0000,121919.0000,31713.0000,1133.0000,184.0000,173.0000,,
BEN2201,TPNZ,DC,TPNZ,kWh,X,F,2024-04-26,185.0000,187.0000,187.0000,187.0000,187.0000,190.0000,188.0000,188.0000,187.0000,186.0000,184.0000,187.0000,5472.0000,31173.0000,90867.0000,99854.0000,116072.0000,117057.0000,111039.0000,91088.0000,116097.0000,129900.0000,135006.0000,137553.0000,147022.0000,152287.0000,136961.0000,136708.0000,134506.0000,128661.0000,108766.0000,124096.0000,126299.0000,122309.0000,147053.0000,189467.0000,237229.0000,251711.0000,244747.0000,235169.0000,190896.0000,165439.0000,131030.0000,122122.0000,45715.0000,25869.0000,70861.0000,35582.0000,,
BEN2201,TPNZ,DC,TPNZ,kWh,X,F,2024-04-27,17974.0000,1020.0000,2341.0000,165.0000,164.0000,165.0000,166.0000,162.0000,162.0000,1956.0000,31239.0000,51835.0000,58553.0000,97409.0000,123099.0000,141426.0000,156867.0000,169556.0000,213857.0000,203491.0000,211273.0000,193106.0000,191881.0000,187568.0000,193986.0000,182741.0000,147954.0000,133696.0000,140747.0000,129275.0000,133076.0000,148755.0000,143947.0000,137912.0000,156042.0000,201185.0000,235878.0000,228322.0000,202699.0000,198774.0000,191758.0000,201948.0000,180051.0000,184144.0000,108531.0000,85143.0000,64747.0000,54589.0000,,
BEN2201,TPNZ,DC,TPNZ,kWh,X,F,2024-04-28,78533.0000,73826.0000,73611.0000,33881.0000,29492.0000,23033.0000,18316.0000,17904.0000,17920.0000,18077.0000,26578.0000,57239.0000,102109.0000,139656.0000,152951.0000,173886.0000,201085.0000,212570.0000,213501.0000,201137.0000,197610.0000,183558.0000,199049.0000,201934.0000,175215.0000,203067.0000,201161.0000,211830.0000,205701.0000,197863.0000,219379.0000,245678.0000,254123.0000,253094.0000,276879.0000,308998.0000,314771.0000,289198.0000,275306.0000,266523.0000,255600.0000,224993.0000,246792.0000,209646.0000,136470.0000,84508.0000,44449.0000,20504.0000,,
BEN2201,TPNZ,DC,TPNZ,kWh,X,F,2024-04-29,13131.0000,15610.0000,980.0000,165.0000,165.0000,164.0000,1644.0000,164.0000,164.0000,819.0000,17765.0000,56850.0000,150426.0000,246748.0000,312813.0000,347041.0000,315300.0000,277819.0000,289638.0000,284048.0000,266395.0000,258517.0000,243079.0000,264768.0000,281415.0000,281768.0000,265255.0000,267184.0000,263916.0000,260070.0000,283977.0000,285321.0000,291051.0000,271950.0000,288025.0000,344823.0000,373840.0000,344079.0000,291893.0000,267409.0000,259357.0000,267005.0000,228733.0000,208442.0000,169939.0000,136348.0000,101546.0000,44377.0000,,
BEN2201,TPNZ,DC,TPNZ,kWh,X,F,2024-04-30,14367.0000,11267.0000,3574.0000,164.0000,164.0000,164.0000,165.0000,165.0000,164.0000,164.0000,17291.0000,66497.0000,158603.0000,210855.0000,268197.0000,300958.0000,288772.0000,264575.0000,235515.0000,254546.0000,249987.0000,237000.0000,219911.0000,231367.0000,249997.0000,231851.0000,223094.0000,220442.0000,209924.0000,224475.0000,251564.0000,263327.0000,255646.0000,235394.0000,224891.0000,278348.0000,280089.0000,268153.0000,271557.0000,260801.0000,225152.0000,210847.0000,190708.0000,131612.0000,39118.0000,7002.0000,139.0000,0.0000,,
HAY2201,TPNZ,DC,TPNZ,kWh,I,F,2024-04-01,0.0000,0.0000,0.0000,0.0000,0.0000,0.0000,0.0000,0.0000,0.0000,0.0000,0.0000,0.0000,0.0000,0.0000,37136.0000,70037.0000,93619.0000,119399.0000,136345.0000,143627.0000,138536.0000,134678.0000,127193.0000,122928.0000,110050.0000,116430.0000,111441.0000,112282.0000,127473.0000,128270.0000,123631.0000,134785.0000,122722.0000,143402.0000,143140.0000,161286.0000,140009.0000,128456.0000,128626.0000,126094.0000,112265.0000,109753.0000,120687.0000,92521.0000,24200.0000,3854.0000,0.0000,0.0000,,
HAY2201,TPNZ,DC,TPNZ,kWh,I,F,2024-04-02,0.0000,0.0000,0.0000,0.0000,0.0000,0.0000,0.0000,0.0000,0.0000,0.0000,1825.0000,22276.0000,65888.0000,94798.0000,155787.0000,180261.0000,211397.0000,217115.0000,216041.0000,198214.0000,218536.0000,210649.0000,220938.0000,201596.0000,199976.0000,203700.0000,197449.0000,194351.0000,197100.0000,191976.0000,206376.0000,204259.0000,211697.0000,218580.0000,253573.0000,252753.0000,244274.0000,248981.0000,239878.0000,233041.0000,203859.0000,208664.0000,194516.0000,162361.0000,105377.0000,79552.0000,61532.0000,26602.0000,,
HAY2201,TPNZ,DC,TPNZ,kWh,I,F,2024-04-03,19991.0000,17042.0000,753.0000,0.0000,0.0000,0.0000,0.0000,0.0000,0.0000,0.0000,9082.0000,32083.0000,113403.0000,154856.0000,209921.0000,230630.0000,226502.0000,205466.0000,177740.0000,152928.0000,139020.0000,139160.0000,135942.0000,113531.0000,109389.0000,113113.0000,82018.0000,74239.0000,68036.0000,61131.0000,71470.0000,83119.0000,81593.0000,114834.0000,144971.0000,150144.0000,102967.0000,83214.0000,93644.0000,71202.0000,43667.0000,36155.0000,20132.0000,11830.0000,0.0000,0.0000,0.0000,0.0000,,
HAY2201,TPNZ,DC,TPNZ,kWh,I,F,2024-04-04,0.0000,0.0000,0.0000,0.0000,0.0000,0.0000,0.0000,0.0000,0.0000,0.0000,0.0000,0.0000,1232.0000,4975.0000,37660.0000,64276.0000,80854.0000,69264.0000,87892.0000,64797.0000,44868.0000,36004.0000,41973.0000,31469.0000,53452.0000,38296.0000,47927.0000,38425.0000,52395.0000,49485.0000,39891.0000,30752.0000,40431.0000,81200.0000,94538.0000,125018.0000,114079.0000,130028.0000,170244.0000,176556.0000,185364.0000,138870.0000,103968.0000,54729.0000,2381.0000,0.0000,0.0000,0.0000,,
HAY2201,TPNZ,DC,TPNZ,kWh,I,F,2024-04-05,0.0000,0.0000,0.0000,0.0000,0.0000,0.0000,0.0000,0.0000,0.0000,0.0000,0.0000,9662.0000,38890.0000,90232.0000,188674.0000,207272.0000,199190.0000,192728.0000,147033.0000,115687.0000,91611.0000,92170.0000,93164.0000,97649.0000,65549.0000,60123.0000,56059.0000,40270.0000,38023.0000,43939.0000,44429.0000,53310.0000,83001.0000,97795.0000,95088.0000,84016.0000,48959.0000,39702.0000,42633.0000,55670.0000,60164.0000,45242.0000,35878.0000,31726.0000,8262.0000,0.0000,0.0000,0.0000,,
HAY2201,TPNZ,DC,TPNZ,kWh,I,F,2024-04-06,0.0000,0.0000,0.0000,0.0000,0.0000,0.0000,0.0000,0.0000,0.0000,0.0000,0.0000,0.0000,1778.0000,14226.0000,22352.0000,17859.0000,42918.0000,51254.0000,71659.0000,73156.0000,65840.0000,65536.0000,70366.0000,68933.0000,50244.0000,47490.0000,32631.0000,30313.0000,29118.0000,33577.0000,33473.0000,30427.0000,32867.0000,42068.0000,51671.0000,58456.0000,44389.0000,28386.0000,39020.0000,36129.0000,25461.0000,18597.0000,17464.0000,17244.0000,904.0000,0.0000,0.0000,0.0000,,
HAY2201,TPNZ,DC,TPNZ,kWh,I,F,2024-04-07,0.0000,0.0000,0.0000,0.0000,0.0000,0.0000,0.0000,0.0000,0.0000,0.0000,0.0000,0.0000,0.0000,0.0000,0.0000,0.0000,0.0000,7684.0000,26475.0000,36380.0000,44179.0000,39920.0000,36401.0000,33850.0000,40249.0000,45441.0000,41395.0000,28046.0000,19210.0000,17387.0000,17347.0000,17245.0000,17407.0000,21973.0000,50870.0000,85035.0000,98272.0000,112584.0000,119013.0000,109470.0000,84640.0000,78684.0000,62917.0000,39239.0000,22554.0000,17854.0000,635.0000,0.0000,0.0000,0.0000
HAY2201,TPNZ,DC,TPNZ,kWh,I,F,2024-04-08,0.0000,0.0000,0.0000,0.0000,0.0000,0.0000,0.0000,0.0000,0.0000,0.0000,0.0000,0.0000,69959.0000,136779.0000,233631.0000,241678.0000,224809.0000,232086.0000,229758.0000,178958.0000,152049.0000,169454.0000,166968.0000,153635.0000,169428.0000,182168.0000,175550.0000,182198.0000,183083.0000,188071.0000,196301.0000,209313.0000,219480.0000,224824.0000,258309.0000,281118.0000,271420.0000,278208.0000,237507.0000,204024.0000,195451.0000,181190.0000,158836.0000,104172.0000,39843.0000,31752.0000,18507.0000,634.0000,,
HAY2201,TPNZ,DC,TPNZ,kWh,I,F,2024-04-09,0.0000,0.0000,0.0000,0.0000,0.0000,0.0000,0.0000,0.0000,0.0000,0.0000,0.0000,699.0000,22066.0000,23569.0000,91745.0000,113828.0000,140067.0000,170356.0000,156102.0000,144264.0000,66037.0000,63512.0000,61589.0000,67272.0000,65906.0000,70907.0000,53975.0000,70209.0000,55814.0000,63391.0000,84179.0000,82285.0000,82831.0000,84836.0000,84271.0000,131232.0000,152195.0000,135744.0000,143834.0000,141052.0000,142772.0000,137201.0000,70575.0000,23414.0000,1542.0000,0.0000,0.0000,0.0000,,
HAY2201,TPNZ,DC,TPNZ,kWh,I,F,2024-04-10,0.0000,0.0000,0.0000,0.0000,0.0000,0.0000,0.0000,0.0000,0.0000,0.0000,0.0000,4902.0000,9564.0000,12608.0000,93378.0000,116462.0000,102223.0000,88166.0000,113894.0000,74434.0000,68444.0000,61428.0000,61086.0000,50166.0000,52901.0000,58161.0000,59769.0000,84800.0000,104173.0000,133355.0000,152723.0000,185574.0000,200155.0000,184105.0000,182770.0000,168869.0000,192588.0000,192729.0000,174142.0000,161816.0000,109419.0000,112482.0000,93878.0000,73109.0000,32316.0000,17250.0000,16427.0000,21297.0000,,
HAY2201,TPNZ,DC,TPNZ,kWh,I,F,2024-04-11,42519.0000,99296.0000,116252.0000,86089.0000,56137.0000,48164.0000,47090.0000,47561.0000,50645.0000,44709.0000,43066.0000,60009.0000,122708.0000,146794.0000,219166.0000,222977.0000,214356.0000,211470.0000,225017.0000,195978.0000,172935.0000,175115.0000,178019.0000,180585.0000,244406.0000,248983.0000,287049.0000,224719.0000,211686.0000,176252.0000,156261.0000,148150.0000,144093.0000,196081.0000,204927.0000,237823.0000,247497.0000,264364.0000,250612.0000,223802.0000,188440.0000,130313.0000,154356.0000,124134.0000,78523.0000,59194.0000,55090.0000,60118.0000,,
HAY2201,TPNZ,DC,TPNZ,kWh,I,F,2024-04-12,84948.0000,89189.0000,111454.0000,115917.0000,92119.0000,128934.0000,139599.0000,135564.0000,133444.0000,127435.0000,117195.0000,110919.0000,73113.0000,74698.0000,155897.0000,232922.0000,257331.0000,261254.0000,233283.0000,240736.0000,240647.0000,286010.0000,338705.0000,331792.0000,277114.0000,252980.0000,244831.0000,243542.0000,237074.0000,222388.0000,198965.0000,191340.0000,168790.0000,174004.0000,183251.0000,206666.0000,243344.0000,212530.0000,159838.0000,158424.0000,164739.0000,172739.0000,198942.0000,194838.0000,130842.0000,110154.0000,110839.0000,108326.0000,,
HAY2201,TPNZ,DC,TPNZ,kWh,I,F,2024-04-13,90464.0000,110670.0000,125872.0000,108784.0000,112631.0000,108807.0000,99203.0000,96913.0000,122402.0000,103861.0000,97008.0000,85859.0000,97174.0000,110434.0000,122549.0000,116837.0000,109103.0000,140594.0000,134114.0000,136977.0000,134348.0000,128517.0000,99509.0000,98873.0000,96889.0000,87348.0000,94503.0000,103803.0000,112290.0000,105334.0000,136359.0000,135116.0000,131489.0000,119186.0000,130497.0000,117848.0000,136565.0000,126563.0000,99843.0000,96297.0000,123087.0000,120366.0000,132234.0000,128372.0000,75279.0000,70875.0000,63250.0000,71663.0000,,
HAY2201,TPNZ,DC,TPNZ,kWh,I,F,2024-04-14,92829.0000,113495.0000,121164.0000,103405.0000,109340.0000,129923.0000,125456.0000,116767.0000,106909.0000,96693.0000,83588.0000,115323.0000,114840.0000,131438.0000,162142.0000,153613.0000,165305.0000,151721.0000,191089.0000,201596.0000,205797.0000,206131.0000,204916.0000,204577.0000,221035.0000,215438.0000,220024.0000,219661.0000,212184.0000,218671.0000,205521.0000,202457.0000,212220.0000,213437.0000,222608.0000,239059.0000,253752.0000,263816.0000,237182.0000,237509.0000,224787.0000,210523.0000,213677.0000,196841.0000,158696.0000,129501.0000,108948.0000,104463.0000,,
HAY2201,TPNZ,DC,TPNZ,kWh,I,F,2024-04-15,129890.0000,145559.0000,155589.0000,166539.0000,144916.0000,151715.0000,150506.0000,160244.0000,151292.0000,161805.0000,137496.0000,161777.0000,182398.0000,202051.0000,278043.0000,307335.0000,321830.0000,336603.0000,335618.0000,322279.0000,330087.0000,337524.0000,376049.0000,369164.0000,333440.0000,313888.0000,293131.0000,296564.0000,287792.0000,283776.0000,286973.0000,286741.0000,295183.0000,301537.0000,306109.0000,304985.0000,320075.0000,326469.0000,290195.0000,268817.0000,244437.0000,243867.0000,214835.0000,206760.0000,175356.0000,177546.0000,121560.0000,127199.0000,,
HAY2201,TPNZ,DC,TPNZ,kWh,I,F,2024-04-16,139241.0000,127282.0000,131741.0000,147976.0000,150754.0000,133056.0000,100951.0000,76159.0000,102813.0000,135419.0000,147202.0000,174022.0000,195938.0000,227941.0000,276027.0000,285812.0000,286656.0000,295000.0000,307026.0000,292147.0000,272298.0000,297938.0000,305699.0000,286362.0000,300436.0000,294525.0000,297698.0000,295145.0000,291596.0000,288995.0000,277861.0000,265436.0000,239580.0000,242210.0000,238633.0000,229103.0000,214712.0000,225064.0000,216511.0000,209123.0000,198392.0000,192659.0000,203915.0000,208406.0000,147789.0000,128557.0000,110292.0000,107657.0000,,
HAY2201,TPNZ,DC,TPNZ,kWh,I,F,2024-04-17,97210.0000,81035.0000,76577.0000,75318.0000,66195.0000,50390.0000,50600.0000,52416.0000,69619.0000,103497.0000,150038.0000,154939.0000,207043.0000,223167.0000,264918.0000,272634.0000,274558.0000,273796.0000,274037.0000,278290.0000,237312.0000,256383.0000,277465.0000,281333.0000,290349.0000,288465.0000,288594.0000,295036.0000,307686.0000,293939.0000,299792.0000,303013.0000,298711.0000,312887.0000,302251.0000,309011.0000,324693.0000,310381.0000,299523.0000,285197.0000,277781.0000,269684.0000,240945.0000,238478.0000,181503.0000,171818.0000,152148.0000,120551.0000,,
HAY2201,TPNZ,DC,TPNZ,kWh,I,F,2024-04-18,121768.0000,107597.0000,78130.0000,69338.0000,65903.0000,53576.0000,47377.0000,51305.0000,69391.0000,70132.0000,94587.0000,132637.0000,173517.0000,148950.0000,190967.0000,196382.0000,210660.0000,226210.0000,237947.0000,248354.0000,249373.0000,247830.0000,267666.0000,269411.0000,272439.0000,277958.0000,261571.0000,271629.0000,264266.0000,266334.0000,262099.0000,276997.0000,266324.0000,275410.0000,277517.0000,257275.0000,234729.0000,240171.0000,249319.0000,243661.0000,230401.0000,194715.0000,168704.0000,136527.0000,105652.0000,96891.0000,70996.0000,40835.0000,,
HAY2201,TPNZ,DC,TPNZ,kWh,I,F,2024-04-19,60911.0000,52101.0000,59893.0000,53722.0000,33761.0000,35802.0000,37238.0000,41594.0000,47744.0000,39090.0000,59965.0000,46869.0000,95548.0000,119597.0000,182590.0000,199163.0000,228358.0000,233696.0000,241767.0000,240116.0000,227891.0000,225841.0000,237214.0000,221803.0000,220681.0000,205759.0000,188037.0000,189615.0000,172252.0000,172510.0000,169828.0000,181357.0000,185710.0000,195129.0000,224985.0000,270943.0000,299436.0000,276990.0000,218984.0000,204200.0000,187732.0000,170232.0000,178075.0000,186135.0000,148282.0000,135608.0000,138076.0000,116535.0000,,
HAY2201,TPNZ,DC,TPNZ,kWh,I,F,2024-04-20,92128.0000,83120.0000,75850.0000,56094.0000,56734.0000,58736.0000,61424.0000,70703.0000,74387.0000,73913.0000,75314.0000,78205.0000,158624.0000,173832.0000,178393.0000,181315.0000,177368.0000,175276.0000,181313.0000,170600.0000,179745.0000,176623.0000,179599.0000,182303.0000,190335.0000,179108.0000,179921.0000,218281.0000,235797.0000,232036.0000,234931.0000,239749.0000,265664.0000,245595.0000,245357.0000,264994.0000,223207.0000,210588.0000,200988.0000,202420.0000,216426.0000,182390.0000,166356.0000,170081.0000,130105.0000,106581.0000,69921.0000,49958.0000,,
HAY2201,TPNZ,DC,TPNZ,kWh,I,F,2024-04-21,29748.0000,37641.0000,43388.0000,24461.0000,24533.0000,31243.0000,34855.0000,30851.0000,35359.0000,31218.0000,21178.0000,22348.0000,45489.0000,40725.0000,67831.0000,84991.0000,99150.0000,132990.0000,160029.0000,182819.0000,208906.0000,213771.0000,174587.0000,170074.0000,180570.0000,168747.0000,160759.0000,148035.0000,121152.0000,136294.0000,146871.0000,144782.0000,143002.0000,133871.0000,163147.0000,184950.0000,217114.0000,198708.0000,198128.0000,196724.0000,199965.0000,202599.0000,207279.0000,197985.0000,135553.0000,115114.0000,90231.0000,57125.0000,,
HAY2201,TPNZ,DC,TPNZ,kWh,I,F,2024-04-22,34596.0000,18196.0000,7435.0000,0.0000,0.0000,0.0000,0.0000,13594.0000,17647.0000,30042.0000,53391.0000,74774.0000,137113.0000,217587.0000,286027.0000,323077.0000,328151.0000,326557.0000,328612.0000,313080.0000,315259.0000,315214.0000,320258.0000,301339.0000,288284.0000,276222.0000,248008.0000,267727.0000,287173.0000,260629.0000,254460.0000,260055.0000,233950.0000,196723.0000,159685.0000,193006.0000,155832.0000,155786.0000,148203.0000,131054.0000,138899.0000,155801.0000,171716.0000,144614.0000,71958.0000,84271.0000,73740.0000,50718.0000,,
HAY2201,TPNZ,DC,TPNZ,kWh,I,F,2024-04-23,32226.0000,31423.0000,32424.0000,31404.0000,34325.0000,35166.0000,32912.0000,31179.0000,43721.0000,57678.0000,102675.0000,145048.0000,191492.0000,241193.0000,322686.0000,364458.0000,345964.0000,344982.0000,330178.0000,317405.0000,321742.0000,327293.0000,336652.0000,322025.0000,330896.0000,315356.0000,304825.0000,279493.0000,265132.0000,263611.0000,254245.0000,244043.0000,249959.0000,250964.0000,248961.0000,274391.0000,285087.0000,260068.0000,247523.0000,216796.0000,221920.0000,207760.0000,190990.0000,177544.0000,91923.0000,52242.0000,37353.0000,18105.0000,,
HAY2201,TPNZ,DC,TPNZ,kWh,I,F,2024-04-24,2105.0000,0.0000,0.0000,0.0000,0.0000,0.0000,0.0000,0.0000,0.0000,0.0000,0.0000,7325.0000,55818.0000,105814.0000,191431.0000,200201.0000,173077.0000,206347.0000,211921.0000,232100.0000,201458.0000,203148.0000,203760.0000,210795.0000,214036.0000,213839.0000,211360.0000,209650.0000,213213.0000,215909.0000,222553.0000,230631.0000,226166.0000,204196.0000,219615.0000,237004.0000,253520.0000,246438.0000,222337.0000,200817.0000,154379.0000,136775.0000,123262.0000,121416.0000,61881.0000,32743.0000,17680.0000,16522.0000,,
HAY2201,TPNZ,DC,TPNZ,kWh,I,F,2024-04-25,9208.0000,0.0000,0.0000,0.0000,0.0000,0.0000,0.0000,0.0000,0.0000,0.0000,0.0000,0.0000,0.0000,3001.0000,29667.0000,44299.0000,58898.0000,95764.0000,107853.0000,115886.0000,121247.0000,111230.0000,113280.0000,119021.0000,113972.0000,110871.0000,120813.0000,99643.0000,93746.0000,116145.0000,130152.0000,126140.0000,127979.0000,138157.0000,143807.0000,149218.0000,138177.0000,134143.0000,129038.0000,141051.0000,138728.0000,123572.0000,113615.0000,118508.0000,30569.0000,891.0000,0.0000,0.0000,,
HAY2201,TPNZ,DC,TPNZ,kWh,I,F,2024-04-26,0.0000,0.0000,0.0000,0.0000,0.0000,0.0000,0.0000,0.0000,0.0000,0.0000,0.0000,0.0000,5154.0000,30317.0000,88057.0000,96713.0000,112881.0000,113984.0000,108133.0000,88377.0000,113020.0000,126552.0000,131504.0000,133968.0000,143196.0000,148319.0000,133438.0000,133186.0000,131051.0000,125379.0000,105616.0000,121017.0000,123145.0000,119280.0000,143281.0000,184227.0000,230040.0000,243845.0000,237204.0000,228055.0000,185620.0000,161121.0000,127738.0000,119110.0000,44366.0000,25129.0000,68932.0000,34529.0000,,
HAY2201,TPNZ,DC,TPNZ,kWh,I,F,2024-04-27,17329.0000,838.0000,2121.0000,0.0000,0.0000,0.0000,0.0000,0.0000,0.0000,1741.0000,30327.0000,50412.0000,56946.0000,94873.0000,120019.0000,137865.0000,152833.0000,165085.0000,207658.0000,197627.0000,205090.0000,187629.0000,186428.0000,182260.0000,188419.0000,177582.0000,143999.0000,130184.0000,137035.0000,125901.0000,129581.0000,144811.0000,140154.0000,134311.0000,151906.0000,195406.0000,228669.0000,221440.0000,196903.0000,193159.0000,186447.0000,196259.0000,175162.0000,179087.0000,105535.0000,82730.0000,62992.0000,53082.0000,,
HAY2201,TPNZ,DC,TPNZ,kWh,I,F,2024-04-28,76344.0000,71804.0000,71596.0000,32935.0000,28699.0000,22324.0000,17662.0000,17254.0000,17269.0000,17421.0000,25787.0000,55660.0000,99426.0000,135957.0000,148866.0000,169139.0000,195377.0000,206357.0000,207198.0000,195267.0000,191854.0000,178336.0000,193228.0000,195967.0000,170239.0000,197056.0000,195190.0000,205422.0000,199521.0000,192011.0000,212633.0000,237699.0000,245717.0000,244760.0000,267319.0000,297650.0000,303070.0000,279014.0000,265920.0000,257586.0000,247209.0000,218048.0000,238882.0000,203314.0000,132574.0000,81957.0000,43170.0000,19759.0000,,
HAY2201,TPNZ,DC,TPNZ,kWh,I,F,2024-04-29,12573.0000,14956.0000,796.0000,0.0000,0.0000,0.0000,1427.0000,0.0000,0.0000,620.0000,17032.0000,55140.0000,145462.0000,237900.0000,300530.0000,332764.0000,303009.0000,267821.0000,279082.0000,273826.0000,257186.0000,249780.0000,235134.0000,255807.0000,271462.0000,271777.0000,256152.0000,258000.0000,254892.0000,251298.0000,273887.0000,275146.0000,280583.0000,262571.0000,277802.0000,331086.0000,358138.0000,330393.0000,281367.0000,258224.0000,250563.0000,257835.0000,221359.0000,201985.0000,164917.0000,132397.0000,98508.0000,43145.0000,,
HAY2201,TPNZ,DC,TPNZ,kWh,I,F,2024-04-30,13854.0000,10787.0000,3324.0000,0.0000,0.0000,0.0000,0.0000,0.0000,0.0000,0.0000,16690.0000,64735.0000,154172.0000,204549.0000,259229.0000,290211.0000,278649.0000,255755.0000,228120.0000,246243.0000,241865.0000,229463.0000,213160.0000,224094.0000,241807.0000,224519.0000,216171.0000,213640.0000,203596.0000,217523.0000,243344.0000,254512.0000,247206.0000,228015.0000,218024.0000,268865.0000,270500.0000,259221.0000,262500.0000,252271.0000,218353.0000,204657.0000,185347.0000,128206.0000,37931.0000,6670.0000,0.0000,0.0000,,
HAY2201,TPNZ,DC,TPNZ,kWh,X,F,2024-04-01,52834.0000,56583.0000,51151.0000,54577.0000,51145.0000,52354.0000,59005.0000,59757.0000,58084.0000,56988.0000,53033.0000,50618.0000,34587.0000,23838.0000,2270.0000,162.0000,87.0000,0.0000,0.0000,0.0000,0.0000,0.0000,0.0000,0.0000,0.0000,0.0000,0.0000,0.0000,0.0000,0.0000,0.0000,0.0000,0.0000,0.0000,0.0000,0.0000,0.0000,0.0000,0.0000,0.0000,0.0000,0.0000,0.0000,115.0000,21428.0000,44786.0000,63922.0000,82301.0000,,
HAY2201,TPNZ,DC,TPNZ,kWh,X,F,2024-04-02,81647.0000,103157.0000,99047.0000,109292.0000,107109.0000,101186.0000,101566.0000,98474.0000,84106.0000,63910.0000,47112.0000,20115.0000,381.0000,98.0000,64.0000,55.0000,0.0000,0.0000,0.0000,0.0000,0.0000,0.0000,0.0000,0.0000,0.0000,0.0000,0.0000,0.0000,0.0000,0.0000,0.0000,0.0000,0.0000,0.0000,0.0000,0.0000,0.0000,0.0000,0.0000,0.0000,0.0000,0.0000,0.0000,112.0000,169.0000,168.0000,167.0000,14688.0000,,
HAY2201,TPNZ,DC,TPNZ,kWh,X,F,2024-04-03,19529.0000,28187.0000,59021.0000,65539.0000,33505.0000,33394.0000,48005.0000,57223.0000,61412.0000,55093.0000,31907.0000,13910.0000,149.0000,137.0000,25.0000,0.0000,0.0000,0.0000,26.0000,148.0000,166.0000,165.0000,165.0000,165.0000,164.0000,164.0000,164.0000,164.0000,164.0000,163.0000,163.0000,162.0000,162.0000,162.0000,161.0000,162.0000,164.0000,164.0000,163.0000,164.0000,163.0000,7926.0000,26015.0000,34200.0000,114381.0000,111833.0000,204224.0000,221752.0000,,
HAY2201,TPNZ,DC,TPNZ,kWh,X,F,2024-04-04,187416.0000,193926.0000,216401.0000,213009.0000,212721.0000,201716.0000,188606.0000,206040.0000,201629.0000,186856.0000,155431.0000,122714.0000,67879.0000,47915.0000,10043.0000,164.0000,163.0000,162.0000,161.0000,162.0000,160.0000,159.0000,491.0000,10572.0000,160.0000,593.0000,160.0000,160.0000,160.0000,161.0000,160.0000,4198.0000,4895.0000,162.0000,161.0000,161.0000,161.0000,161.0000,113.0000,0.0000,0.0000,114.0000,168.0000,2358.0000,51070.0000,99675.0000,157589.0000,184066.0000,,
HAY2201,TPNZ,DC,TPNZ,kWh,X,F,2024-04-05,227414.0000,235128.0000,220810.0000,201866.0000,196648.0000,190315.0000,184421.0000,180609.0000,164124.0000,137679.0000,95028.0000,36400.0000,9392.0000,164.0000,61.0000,0.0000,0.0000,0.0000,107.0000,166.0000,165.0000,165.0000,164.0000,163.0000,164.0000,164.0000,164.0000,163.0000,163.0000,163.0000,163.0000,163.0000,163.0000,139.0000,150.0000,173.0000,184.0000,183.0000,183.0000,184.0000,185.0000,1457.0000,4925.0000,6020.0000,31791.0000,41763.0000,67726.0000,90752.0000,,
HAY2201,TPNZ,DC,TPNZ,kWh,X,F,2024-04-06,114819.0000,97555.0000,92624.0000,61159.0000,79855.0000,83843.0000,95951.0000,96568.0000,93504.0000,87125.0000,72233.0000,54689.0000,30416.0000,31077.0000,18972.0000,23755.0000,2170.0000,178.0000,178.0000,178.0000,178.0000,178.0000,179.0000,179.0000,179.0000,178.0000,14542.0000,16363.0000,17756.0000,17673.0000,13794.0000,17679.0000,13088.0000,932.0000,178.0000,179.0000,178.0000,178.0000,178.0000,178.0000,15154.0000,20089.0000,23431.0000,31839.0000,64679.0000,100264.0000,137568.0000,133745.0000,,
HAY2201,TPNZ,DC,TPNZ,kWh,X,F,2024-04-07,155685.0000,164125.0000,169695.0000,164389.0000,167260.0000,165186.0000,168657.0000,166851.0000,171764.0000,172914.0000,162997.0000,135045.0000,134022.0000,125909.0000,97288.0000,102034.0000,61831.0000,34946.0000,13828.0000,786.0000,178.0000,178.0000,178.0000,178.0000,178.0000,178.0000,178.0000,4142.0000,19917.0000,20451.0000,24220.0000,23973.0000,22431.0000,18746.0000,1437.0000,150.0000,120.0000,0.0000,0.0000,0.0000,177.0000,184.0000,184.0000,183.0000,16881.0000,25326.0000,41801.0000,95699.0000,106509.0000,111741.0000
HAY2201,TPNZ,DC,TPNZ,kWh,X,F,2024-04-08,117735.0000,123527.0000,126198.0000,107823.0000,105448.0000,104101.0000,110382.0000,111719.0000,110666.0000,73715.0000,80917.0000,55272.0000,3742.0000,32.0000,0.0000,0.0000,0.0000,0.0000,0.0000,0.0000,0.0000,0.0000,0.0000,0.0000,0.0000,0.0000,0.0000,0.0000,0.0000,0.0000,0.0000,0.0000,0.0000,0.0000,0.0000,0.0000,0.0000,0.0000,0.0000,0.0000,0.0000,0.0000,0.0000,55.0000,1659.0000,13179.0000,29353.0000,68523.0000,,
HAY2201,TPNZ,DC,TPNZ,kWh,X,F,2024-04-09,93526.0000,108674.0000,109443.0000,117796.0000,109958.0000,118965.0000,130792.0000,136861.0000,144796.0000,102202.0000,84029.0000,42221.0000,18143.0000,16815.0000,106.0000,3.0000,0.0000,0.0000,0.0000,0.0000,146.0000,166.0000,166.0000,165.0000,165.0000,165.0000,164.0000,165.0000,165.0000,164.0000,163.0000,163.0000,163.0000,163.0000,163.0000,15.0000,0.0000,0.0000,0.0000,0.0000,145.0000,165.0000,164.0000,17048.0000,48956.0000,81695.0000,115392.0000,132913.0000,,
HAY2201,TPNZ,DC,TPNZ,kWh,X,F,2024-04-10,110473.0000,144267.0000,164439.0000,165868.0000,178479.0000,177732.0000,177078.0000,168551.0000,170325.0000,151369.0000,111425.0000,38661.0000,31291.0000,27243.0000,1223.0000,0.0000,43.0000,166.0000,9.0000,144.0000,164.0000,163.0000,163.0000,163.0000,163.0000,163.0000,163.0000,162.0000,60.0000,0.0000,0.0000,0.0000,0.0000,0.0000,0.0000,0.0000,0.0000,0.0000,0.0000,0.0000,0.0000,0.0000,142.0000,184.0000,14966.0000,29561.0000,32437.0000,20462.0000,,
HAY2201,TPNZ,DC,TPNZ,kWh,X,F,2024-04-11,5198.0000,109.0000,25.0000,184.0000,186.0000,183.0000,183.0000,183.0000,184.0000,183.0000,183.0000,160.0000,21.0000,0.0000,0.0000,0.0000,0.0000,0.0000,0.0000,0.0000,0.0000,0.0000,0.0000,0.0000,0.0000,0.0000,0.0000,0.0000,0.0000,0.0000,0.0000,0.0000,0.0000,0.0000,0.0000,0.0000,0.0000,0.0000,0.0000,0.0000,0.0000,0.0000,0.0000,0.0000,163.0000,184.0000,183.0000,183.0000,,
HAY2201,TPNZ,DC,TPNZ,kWh,X,F,2024-04-12,183.0000,184.0000,184.0000,183.0000,183.0000,183.0000,183.0000,183.0000,183.0000,183.0000,183.0000,89.0000,159.0000,185.0000,5.0000,0.0000,0.0000,0.0000,0.0000,0.0000,0.0000,0.0000,0.0000,0.0000,0.0000,0.0000,0.0000,0.0000,0.0000,0.0000,0.0000,0.0000,0.0000,0.0000,0.0000,0.0000,0.0000,0.0000,0.0000,0.0000,0.0000,0.0000,0.0000,0.0000,0.0000,154.0000,181.0000,181.0000,,
HAY2201,TPNZ,DC,TPNZ,kWh,X,F,2024-04-13,181.0000,181.0000,181.0000,181.0000,181.0000,181.0000,181.0000,181.0000,181.0000,181.0000,181.0000,181.0000,181.0000,181.0000,181.0000,181.0000,181.0000,181.0000,181.0000,181.0000,181.0000,181.0000,181.0000,181.0000,181.0000,181.0000,181.0000,181.0000,181.0000,181.0000,181.0000,181.0000,182.0000,182.0000,182.0000,181.0000,181.0000,182.0000,181.0000,181.0000,181.0000,181.0000,181.0000,181.0000,181.0000,181.0000,181.0000,181.0000,,
HAY2201,TPNZ,DC,TPNZ,kWh,X,F,2024-04-14,181.0000,181.0000,181.0000,182.0000,181.0000,181.0000,182.0000,181.0000,181.0000,181.0000,181.0000,181.0000,181.0000,181.0000,136.0000,181.0000,181.0000,170.0000,0.0000,0.0000,0.0000,0.0000,0.0000,0.0000,0.0000,0.0000,0.0000,0.0000,0.0000,0.0000,0.0000,0.0000,0.0000,0.0000,0.0000,0.0000,0.0000,0.0000,0.0000,0.0000,0.0000,0.0000,0.0000,0.0000,172.0000,183.0000,181.0000,181.0000,,
HAY2201,TPNZ,DC,TPNZ,kWh,X,F,2024-04-15,181.0000,181.0000,181.0000,183.0000,180.0000,178.0000,178.0000,179.0000,178.0000,162.0000,161.0000,0.0000,0.0000,0.0000,0.0000,0.0000,0.0000,0.0000,0.0000,0.0000,0.0000,0.0000,0.0000,0.0000,0.0000,0.0000,0.0000,0.0000,0.0000,0.0000,0.0000,0.0000,0.0000,0.0000,0.0000,0.0000,0.0000,0.0000,0.0000,0.0000,0.0000,0.0000,0.0000,0.0000,0.0000,0.0000,0.0000,148.0000,,
HAY2201,TPNZ,DC,TPNZ,kWh,X,F,2024-04-16,183.0000,183.0000,184.0000,184.0000,183.0000,183.0000,183.0000,183.0000,183.0000,183.0000,168.0000,0.0000,0.0000,0.0000,0.0000,0.0000,0.0000,0.0000,0.0000,0.0000,0.0000,0.0000,0.0000,0.0000,0.0000,0.0000,0.0000,0.0000,0.0000,0.0000,0.0000,0.0000,0.0000,0.0000,0.0000,0.0000,0.0000,0.0000,0.0000,0.0000,0.0000,0.0000,0.0000,0.0000,0.0000,161.0000,181.0000,179.0000,,
HAY2201,TPNZ,DC,TPNZ,kWh,X,F,2024-04-17,179.0000,179.0000,179.0000,179.0000,179.0000,179.0000,179.0000,179.0000,179.0000,179.0000,115.0000,0.0000,0.0000,0.0000,0.0000,0.0000,0.0000,0.0000,0.0000,0.0000,0.0000,0.0000,0.0000,0.0000,0.0000,0.0000,0.0000,0.0000,0.0000,0.0000,0.0000,0.0000,0.0000,0.0000,0.0000,0.0000,0.0000,0.0000,0.0000,0.0000,0.0000,0.0000,0.0000,0.0000,0.0000,0.0000,0.0000,118.0000,,
HAY2201,TPNZ,DC,TPNZ,kWh,X,F,2024-04-18,179.0000,180.0000,179.0000,179.0000,179.0000,179.0000,179.0000,179.0000,179.0000,179.0000,170.0000,0.0000,0.0000,0.0000,0.0000,0.0000,0.0000,0.0000,0.0000,0.0000,0.0000,0.0000,0.0000,0.0000,0.0000,0.0000,0.0000,0.0000,0.0000,0.0000,0.0000,0.0000,0.0000,0.0000,0.0000,0.0000,0.0000,0.0000,0.0000,0.0000,0.0000,0.0000,0.0000,9.0000,183.0000,183.0000,183.0000,183.0000,,
HAY2201,TPNZ,DC,TPNZ,kWh,X,F,2024-04-19,182.0000,183.0000,183.0000,183.0000,183.0000,183.0000,183.0000,183.0000,183.0000,183.0000,183.0000,183.0000,107.0000,0.0000,0.0000,0.0000,0.0000,0.0000,0.0000,0.0000,0.0000,0.0000,0.0000,0.0000,0.0000,0.0000,0.0000,0.0000,0.0000,0.0000,0.0000,0.0000,0.0000,0.0000,0.0000,0.0000,0.0000,0.0000,0.0000,0.0000,0.0000,0.0000,0.0000,0.0000,0.0000,0.0000,0.0000,0.0000,,
HAY2201,TPNZ,DC,TPNZ,kWh,X,F,2024-04-20,160.0000,165.0000,164.0000,164.0000,164.0000,164.0000,164.0000,163.0000,164.0000,164.0000,164.0000,163.0000,58.0000,0.0000,0.0000,0.0000,0.0000,0.0000,0.0000,0.0000,0.0000,0.0000,0.0000,0.0000,0.0000,0.0000,34.0000,0.0000,0.0000,0.0000,0.0000,0.0000,0.0000,0.0000,0.0000,0.0000,0.0000,0.0000,0.0000,0.0000,0.0000,0.0000,0.0000,0.0000,0.0000,0.0000,176.0000,183.0000,,
HAY2201,TPNZ,DC,TPNZ,kWh,X,F,2024-04-21,185.0000,185.0000,184.0000,15600.0000,17692.0000,17676.0000,14957.0000,6276.0000,17138.0000,17676.0000,17879.0000,17887.0000,931.0000,179.0000,179.0000,179.0000,155.0000,0.0000,0.0000,0.0000,0.0000,0.0000,0.0000,0.0000,0.0000,0.0000,0.0000,0.0000,0.0000,0.0000,0.0000,0.0000,0.0000,0.0000,0.0000,0.0000,0.0000,0.0000,0.0000,0.0000,0.0000,0.0000,0.0000,0.0000,0.0000,130.0000,178.0000,178.0000,,
HAY2201,TPNZ,DC,TPNZ,kWh,X,F,2024-04-22,1646.0000,25110.0000,32795.0000,48287.0000,33879.0000,42071.0000,43662.0000,29379.0000,28612.0000,8486.0000,178.0000,162.0000,0.0000,0.0000,0.0000,0.0000,0.0000,0.0000,0.0000,0.0000,0.0000,0.0000,0.0000,0.0000,0.0000,0.0000,0.0000,0.0000,0.0000,0.0000,0.0000,0.0000,0.0000,0.0000,0.0000,0.0000,0.0000,0.0000,0.0000,0.0000,0.0000,0.0000,0.0000,0.0000,154.0000,180.0000,181.0000,180.0000,,
HAY2201,TPNZ,DC,TPNZ,kWh,X,F,2024-04-23,179.0000,8639.0000,6251.0000,660.0000,17670.0000,17494.0000,10039.0000,2841.0000,178.0000,179.0000,93.0000,0.0000,0.0000,0.0000,0.0000,0.0000,0.0000,0.0000,0.0000,0.0000,0.0000,0.0000,0.0000,0.0000,0.0000,0.0000,0.0000,0.0000,0.0000,0.0000,0.0000,0.0000,0.0000,0.0000,0.0000,0.0000,0.0000,0.0000,0.0000,0.0000,0.0000,0.0000,0.0000,0.0000,111.0000,166.0000,440.0000,25994.0000,,
HAY2201,TPNZ,DC,TPNZ,kWh,X,F,2024-04-24,44900.0000,94122.0000,96453.0000,121223.0000,122381.0000,115734.0000,118260.0000,122288.0000,128724.0000,115994.0000,66083.0000,32940.0000,5842.0000,80.0000,0.0000,0.0000,0.0000,0.0000,0.0000,0.0000,0.0000,0.0000,0.0000,0.0000,0.0000,0.0000,0.0000,0.0000,0.0000,0.0000,0.0000,0.0000,0.0000,0.0000,0.0000,0.0000,0.0000,0.0000,0.0000,0.0000,0.0000,0.0000,0.0000,0.0000,162.0000,8477.0000,27082.0000,28442.0000,,
HAY2201,TPNZ,DC,TPNZ,kWh,X,F,2024-04-25,32157.0000,51628.0000,38228.0000,82719.0000,120824.0000,115643.0000,109641.0000,108730.0000,105128.0000,104185.0000,101611.0000,48602.0000,50325.0000,32728.0000,17610.0000,783.0000,165.0000,142.0000,0.0000,0.0000,0.0000,0.0000,0.0000,0.0000,0.0000,0.0000,0.0000,116.0000,183.0000,5.0000,0.0000,0.0000,0.0000,0.0000,0.0000,0.0000,0.0000,0.0000,0.0000,0.0000,0.0000,0.0000,53.0000,36.0000,8056.0000,64092.0000,64674.0000,112254.0000,,
HAY2201,TPNZ,DC,TPNZ,kWh,X,F,2024-04-26,124025.0000,121850.0000,109945.0000,127759.0000,126733.0000,159935.0000,157299.0000,155196.0000,159378.0000,125687.0000,97701.0000,77285.0000,39540.0000,14605.0000,1095.0000,143.0000,6.0000,0.0000,0.0000,175.0000,71.0000,0.0000,0.0000,0.0000,0.0000,0.0000,0.0000,0.0000,0.0000,0.0000,115.0000,0.0000,0.0000,0.0000,0.0000,0.0000,0.0000,0.0000,0.0000,0.0000,0.0000,0.0000,0.0000,0.0000,5691.0000,17809.0000,182.0000,3430.0000,,
HAY2201,TPNZ,DC,TPNZ,kWh,X,F,2024-04-27,26094.0000,30483.0000,30198.0000,43020.0000,49755.0000,46653.0000,51218.0000,54864.0000,40493.0000,28848.0000,9095.0000,179.0000,184.0000,121.0000,0.0000,0.0000,0.0000,0.0000,0.0000,0.0000,0.0000,0.0000,0.0000,0.0000,0.0000,0.0000,0.0000,0.0000,0.0000,0.0000,0.0000,0.0000,0.0000,0.0000,0.0000,0.0000,0.0000,0.0000,0.0000,0.0000,0.0000,0.0000,0.0000,0.0000,76.0000,184.0000,183.0000,184.0000,,
HAY2201,TPNZ,DC,TPNZ,kWh,X,F,2024-04-28,184.0000,184.0000,185.0000,10140.0000,17671.0000,17681.0000,21841.0000,25674.0000,28253.0000,23857.0000,16017.0000,178.0000,92.0000,0.0000,0.0000,0.0000,0.0000,0.0000,0.0000,0.0000,0.0000,0.0000,0.0000,0.0000,0.0000,0.0000,0.0000,0.0000,0.0000,0.0000,0.0000,0.0000,0.0000,0.0000,0.0000,0.0000,0.0000,0.0000,0.0000,0.0000,0.0000,0.0000,0.0000,0.0000,0.0000,122.0000,5868.0000,21081.0000,,
HAY2201,TPNZ,DC,TPNZ,kWh,X,F,2024-04-29,32685.0000,33949.0000,38024.0000,42061.0000,41270.0000,41411.0000,40537.0000,54815.0000,49541.0000,34324.0000,29023.0000,3215.0000,54.0000,0.0000,0.0000,0.0000,0.0000,0.0000,0.0000,0.0000,0.0000,0.0000,0.0000,0.0000,0.0000,0.0000,0.0000,0.0000,0.0000,0.0000,0.0000,0.0000,0.0000,0.0000,0.0000,0.0000,0.0000,0.0000,0.0000,0.0000,0.0000,0.0000,0.0000,0.0000,0.0000,0.0000,87.0000,7491.0000,,
HAY2201,TPNZ,DC,TPNZ,kWh,X,F,2024-04-30,28275.0000,32861.0000,41537.0000,50356.0000,58463.0000,61101.0000,50898.0000,44965.0000,50423.0000,49139.0000,23174.0000,2111.0000,22.0000,0.0000,0.0000,0.0000,0.0000,0.0000,0.0000,0.0000,0.0000,0.0000,0.0000,0.0000,0.0000,0.0000,0.0000,0.0000,0.0000,0.0000,0.0000,0.0000,0.0000,0.0000,0.0000,0.0000,0.0000,0.0000,0.0000,0.0000,0.0000,0.0000,0.0000,0.0000,10338.0000,32252.0000,86461.0000,112415.0000,,
